name,team,points,cost,e3-harelbeke,gent-wevelgem,dwars-door-vlaanderen,ronde-van-vlaanderen,scheldeprijs,paris-roubaix,de-brabantse-pijl,amstel-gold-race,la-fleche-wallone,liege-bastogne-liege
Peter Sagan,BORA - hansgrohe,110,20,1,1,0,1,0,1,0,1,0,0
Greg Van Avermaet,BMC Racing Team,20,18,1,1,1,1,0,1,0,1,0,0
Alejandro Valverde,Movistar Team,0,18,0,0,0,0,0,0,0,0,0,0
Philippe Gilbert,Quick-Step Floors,0,16,1,0,1,1,0,1,0,0,0,0
Arnaud Démare,Groupama - FDJ,150,14,1,1,0,1,0,1,0,0,0,0
Michal Kwiatkowski,Team Sky,60,14,0,0,0,1,0,0,0,1,1,1
Alexander Kristoff,UAE-Team Emirates,130,14,1,1,1,1,0,1,0,0,0,0
Daniel Martin,UAE-Team Emirates,0,14,0,0,0,0,0,0,0,0,0,0
Vincenzo Nibali,Bahrain Merida Pro Cycling Team,230,12,0,0,0,0,0,0,0,0,0,1
Sep Vanmarcke,EF Education First-Drapac p/b Cannondale,0,12,1,1,1,1,0,1,0,1,0,0
Julian Alaphilippe,Quick-Step Floors,0,12,0,0,0,0,0,0,0,1,1,1
Zdenek Stybar,Quick-Step Floors,0,12,1,1,1,1,1,0,0,0,0,0
Niki Terpstra,Quick-Step Floors,0,12,1,1,1,1,0,1,0,0,0,0
Sergio Luis Henao,Team Sky,0,12,0,0,0,0,0,0,0,1,1,1
Wout Poels,Team Sky,0,12,0,0,0,0,0,0,0,0,1,0
Michael Matthews,Team Sunweb,100,12,1,1,0,0,0,0,0,1,1,1
John Degenkolb,Trek - Segafredo,0,12,1,1,1,1,0,0,0,0,0,0
Romain Bardet,AG2R La Mondiale,0,10,0,0,1,0,0,0,0,0,0,1
Oliver Naesen,AG2R La Mondiale,0,10,1,1,1,1,0,1,0,1,0,0
Sonny Colbrelli,Bahrain Merida Pro Cycling Team,110,10,1,1,0,1,0,0,0,0,0,0
Ion Izagirre,Bahrain Merida Pro Cycling Team,0,10,0,0,0,0,0,0,0,1,1,1
Tiesj Benoot,Lotto Soudal,0,10,1,0,1,1,0,0,0,1,1,1
André Greipel,Lotto Soudal,0,10,0,0,0,0,0,0,0,0,0,0
Tim Wellens,Lotto Soudal,0,10,0,0,0,0,0,0,0,0,1,1
Michael Albasini,Mitchelton-Scott,0,10,0,0,0,0,0,0,0,0,0,0
Matteo Trentin,Mitchelton-Scott,20,10,1,1,0,1,0,1,0,0,0,0
Adam Yates,Mitchelton-Scott,0,10,0,0,0,0,0,0,0,0,0,0
Yves Lampaert,Quick-Step Floors,0,10,1,1,1,1,0,1,0,0,0,0
Elia Viviani,Quick-Step Floors,10,10,0,0,0,0,1,0,0,0,0,0
Marcel Kittel,Team Katusha - Alpecin,0,10,0,1,0,0,1,1,0,0,0,0
Dylan Groenewegen,Team LottoNL-Jumbo,0,10,0,1,1,1,1,1,0,0,0,0
Gianni Moscon,Team Sky,0,10,1,1,1,1,0,1,0,0,1,1
Dylan Van Baarle,Team Sky,0,10,1,1,0,1,0,0,0,0,0,0
Jasper Stuyven,Trek - Segafredo,70,10,1,1,1,1,0,1,0,1,0,0
Rui Costa,UAE-Team Emirates,0,10,0,0,0,0,0,0,0,1,1,1
Diego Ulissi,UAE-Team Emirates,0,10,0,0,0,0,0,0,0,0,0,0
Wout Van Aert,Vérandas Willems-Crelan,0,10,0,0,1,1,0,1,0,0,0,0
Tony Gallopin,AG2R La Mondiale,0,8,1,1,1,1,0,0,0,0,0,0
Stijn Vandenbergh,AG2R La Mondiale,0,8,1,1,1,1,0,0,0,0,0,0
Alexis Vuillermoz,AG2R La Mondiale,0,8,0,0,0,0,0,0,0,1,1,1
Magnus Cort Nielsen,Astana Pro Team,90,8,1,1,1,1,0,0,0,0,0,0
Jakob Fuglsang,Astana Pro Team,0,8,0,0,0,0,0,0,0,1,1,1
Alexey Lutsenko,Astana Pro Team,0,8,1,1,1,1,0,0,0,0,0,0
Luis Leon Sanchez,Astana Pro Team,0,8,0,0,0,0,0,0,0,0,0,0
Michael Valgren,Astana Pro Team,0,8,1,1,0,1,0,0,0,0,0,0
Enrico Gasparotto,Bahrain Merida Pro Cycling Team,0,8,0,0,0,0,0,0,0,0,0,0
Heinrich Haussler,Bahrain Merida Pro Cycling Team,30,8,1,1,1,1,0,1,0,0,0,0
Domenico Pozzovivo,Bahrain Merida Pro Cycling Team,0,8,0,0,0,0,0,0,0,0,0,1
Giovanni Visconti,Bahrain Merida Pro Cycling Team,0,8,0,0,0,0,0,0,0,0,0,1
Simon Gerrans,BMC Racing Team,0,8,0,0,0,0,0,0,0,0,0,0
Richie Porte,BMC Racing Team,0,8,0,0,0,0,0,0,0,0,0,0
Jurgen Roelandts,BMC Racing Team,120,8,1,1,1,1,0,0,0,0,0,0
Dylan Teuns,BMC Racing Team,0,8,0,0,0,0,0,0,0,0,1,1
Rafał Majka,BORA - hansgrohe,0,8,0,0,0,0,0,0,0,0,0,1
Daniel Oss,BORA - hansgrohe,0,8,0,1,1,1,0,1,0,0,0,0
Nacer Bouhanni,Cofidis Solutions Crédits,0,8,0,0,0,0,0,0,0,0,0,0
Edvald Boasson Hagen,Dimension Data,25,8,1,1,1,1,1,1,0,0,0,0
Mark Cavendish,Dimension Data,0,8,0,0,0,0,0,0,0,0,0,0
Tom-Jelte Slagter,Dimension Data,0,8,0,0,0,0,0,0,0,0,0,0
Sylvain Chavanel,Direct Energie,0,8,1,0,0,0,0,0,0,0,0,0
Sebastian Langeveld,EF Education First-Drapac p/b Cannondale,0,8,1,1,1,1,0,0,0,0,0,0
Sacha Modolo,EF Education First-Drapac p/b Cannondale,35,8,0,1,1,1,0,0,0,0,0,0
Daniel Moreno,EF Education First-Drapac p/b Cannondale,0,8,0,0,0,0,0,0,0,0,0,0
Rigoberto Uran,EF Education First-Drapac p/b Cannondale,0,8,0,0,0,0,0,0,0,0,1,1
Warren Barguil,Fortuneo - Samsic,0,8,0,0,0,0,0,0,0,0,1,1
Thibaut Pinot,Groupama - FDJ,0,8,0,0,0,0,0,0,0,0,0,0
Jens Debusschere,Lotto Soudal,0,8,1,1,1,1,0,1,0,0,0,0
Jens Keukeleire,Lotto Soudal,0,8,1,1,1,1,1,1,0,0,0,0
Johan Esteban Chaves,Mitchelton-Scott,0,8,0,0,0,0,0,0,0,0,0,0
Luke Durbridge,Mitchelton-Scott,0,8,1,0,1,1,0,0,0,0,0,0
Caleb Ewan,Mitchelton-Scott,170,8,0,0,0,0,0,0,0,0,0,0
Roman Kreuziger,Mitchelton-Scott,0,8,0,0,0,0,0,0,0,0,0,0
Mikel Nieve,Mitchelton-Scott,0,8,0,0,0,0,0,0,0,0,0,1
Simon Yates,Mitchelton-Scott,0,8,0,0,0,0,0,0,0,0,0,0
Mikel Landa,Movistar Team,0,8,0,0,0,0,0,0,0,1,1,1
Nairo Quintana,Movistar Team,0,8,0,0,0,0,0,0,0,0,0,0
José Joaquín Rojas,Movistar Team,0,8,0,0,0,0,0,0,0,0,0,0
Dries Devenyns,Quick-Step Floors,0,8,0,0,0,0,0,0,0,0,0,0
Bob Jungels,Quick-Step Floors,0,8,0,0,0,0,0,0,0,1,1,1
Petr Vakoc,Quick-Step Floors,0,8,0,0,0,0,0,0,0,0,0,0
Nathan Haas,Team Katusha - Alpecin,15,8,0,0,0,0,0,0,0,1,0,0
Tony Martin,Team Katusha - Alpecin,0,8,1,1,1,1,1,1,0,0,0,0
Ilnur Zakarin,Team Katusha - Alpecin,0,8,0,0,0,0,0,0,0,0,1,1
Lars Boom,Team LottoNL-Jumbo,0,8,1,1,1,1,1,0,0,0,0,0
Robert Gesink,Team LottoNL-Jumbo,0,8,0,0,0,0,0,0,0,1,1,1
Primoz Roglic,Team LottoNL-Jumbo,0,8,0,0,0,0,0,0,0,0,0,0
Christopher Froome,Team Sky,0,8,0,0,0,0,0,0,0,0,0,0
Diego Rosa,Team Sky,0,8,0,0,0,0,0,0,0,0,0,0
Luke Rowe,Team Sky,0,8,0,0,1,1,0,0,0,0,0,0
Ian Stannard,Team Sky,0,8,1,1,1,1,0,1,0,0,0,0
Geraint Thomas,Team Sky,0,8,0,0,0,0,0,1,0,0,0,1
Phil Bauhaus,Team Sunweb,0,8,1,0,1,0,1,0,0,0,0,0
Tom Dumoulin,Team Sunweb,0,8,0,0,0,0,0,0,0,0,0,1
Wilco Kelderman,Team Sunweb,0,8,0,0,0,0,0,0,0,1,1,0
Edward Theuns,Team Sunweb,0,8,0,1,1,1,0,1,0,0,0,0
Fabio Felline,Trek - Segafredo,0,8,0,0,0,1,0,0,0,1,1,1
Bauke Mollema,Trek - Segafredo,0,8,0,0,0,0,0,0,0,1,1,1
Giacomo Nizzolo,Trek - Segafredo,0,8,0,0,1,0,0,0,0,0,0,0
Fabio Aru,UAE-Team Emirates,0,8,0,0,0,0,0,0,0,0,0,1
Ben Swift,UAE-Team Emirates,0,8,1,1,1,1,0,0,0,1,0,0
Stijn Devolder,Vérandas Willems-Crelan,0,8,1,1,1,1,1,0,0,0,0,0
Bryan Coquard,Vital Concept,0,8,1,1,0,1,0,0,0,1,0,0
Jonas Van Genechten,Vital Concept,0,8,0,1,0,1,1,0,0,0,0,0
Filippo Pozzato,Wilier Triestina - Selle Italia,0,8,0,0,0,0,0,0,0,0,0,0
Jan Bakelants,AG2R La Mondiale,0,6,0,0,0,0,0,0,0,0,0,0
Rudy Barbier,AG2R La Mondiale,0,6,0,1,0,1,0,0,0,0,0,0
Mickaël Chérel,AG2R La Mondiale,0,6,0,0,0,0,0,0,0,0,0,0
Silvan Dillier,AG2R La Mondiale,0,6,1,1,1,1,0,0,0,0,0,0
Axel Domont,AG2R La Mondiale,0,6,0,0,0,0,0,0,0,0,0,0
Samuel Dumoulin,AG2R La Mondiale,0,6,0,0,0,0,0,0,0,0,0,0
Hubert Dupont,AG2R La Mondiale,0,6,0,0,0,0,0,0,0,0,0,0
Mathias Frank,AG2R La Mondiale,0,6,0,0,0,0,0,0,0,0,0,0
Cyril Gautier,AG2R La Mondiale,0,6,0,0,0,0,0,0,0,0,0,0
Alexandre Geniez,AG2R La Mondiale,0,6,0,0,0,0,0,0,0,0,0,0
Pierre Latour,AG2R La Mondiale,0,6,0,0,0,0,0,0,0,0,0,0
Matteo Montaguti,AG2R La Mondiale,0,6,0,0,0,0,0,0,0,0,0,0
Clément Venturini,AG2R La Mondiale,0,6,0,0,0,0,0,0,0,0,0,0
Adam Blythe,Aqua Blue Sport,0,6,0,0,0,0,0,0,0,0,0,0
Stefan Denifl,Aqua Blue Sport,0,6,0,0,0,0,0,0,0,1,0,1
Edward Dunbar,Aqua Blue Sport,0,6,0,0,0,0,0,0,0,0,0,0
Andrew Fenn,Aqua Blue Sport,0,6,0,0,0,0,0,0,0,0,0,0
Lasse Norman Hansen,Aqua Blue Sport,0,6,0,0,0,0,0,0,0,1,0,1
Michel Kreder,Aqua Blue Sport,0,6,0,0,0,0,0,0,0,0,0,0
Larry Warbasse,Aqua Blue Sport,0,6,0,0,0,0,0,0,0,0,0,0
Pello Bilbao,Astana Pro Team,0,6,0,0,0,0,0,0,0,0,0,0
Dario Cataldo,Astana Pro Team,0,6,0,0,0,0,0,0,0,0,0,0
Sergei Chernetckii,Astana Pro Team,0,6,0,0,0,0,0,0,0,0,0,0
Laurens De Vreese,Astana Pro Team,0,6,1,1,1,1,1,0,0,0,0,0
Omar Fraile,Astana Pro Team,0,6,0,0,0,0,0,0,0,1,1,1
Oscar Gatto,Astana Pro Team,0,6,1,1,1,1,0,0,0,0,0,0
Yevgeniy Gidich,Astana Pro Team,0,6,0,0,0,0,0,0,0,0,0,0
Andrei Grivko,Astana Pro Team,0,6,0,0,0,0,0,0,0,0,0,0
Dmitriy Gruzdev,Astana Pro Team,0,6,0,1,1,1,1,0,0,0,0,0
Jesper Hansen,Astana Pro Team,0,6,0,0,0,0,0,0,0,0,0,0
Jan Hirt,Astana Pro Team,0,6,0,0,0,0,0,0,0,0,0,0
Hugo Houle,Astana Pro Team,0,6,1,1,0,0,1,1,0,1,1,1
Tanel Kangert,Astana Pro Team,0,6,0,0,0,0,0,0,0,0,0,0
Miguel Ángel López,Astana Pro Team,0,6,0,0,0,0,0,0,0,0,0,0
Riccardo Minali,Astana Pro Team,0,6,0,0,1,0,1,0,0,0,0,0
Moreno Moser,Astana Pro Team,0,6,0,0,0,0,0,0,0,1,1,1
Davide Villella,Astana Pro Team,0,6,0,0,0,0,0,0,0,0,0,0
Andrey Zeits,Astana Pro Team,0,6,0,0,0,0,0,0,0,0,0,0
Niccolo Bonifazio,Bahrain Merida Pro Cycling Team,0,6,0,0,1,0,0,0,0,0,0,0
Borut Bozic,Bahrain Merida Pro Cycling Team,0,6,1,1,1,1,0,0,0,0,0,0
Gorka Izagirre,Bahrain Merida Pro Cycling Team,0,6,0,0,0,0,0,0,0,0,0,0
Kristijan Koren,Bahrain Merida Pro Cycling Team,30,6,1,1,1,1,0,0,0,1,0,0
Ramunas Navardauskas,Bahrain Merida Pro Cycling Team,0,6,0,0,0,0,0,0,0,0,0,0
Franco Pellizotti,Bahrain Merida Pro Cycling Team,30,6,0,0,0,0,0,0,0,0,0,0
Hermann Pernsteiner,Bahrain Merida Pro Cycling Team,0,6,0,0,0,0,0,0,0,0,1,0
Kanstantsin Siutsou,Bahrain Merida Pro Cycling Team,0,6,0,0,0,0,0,0,0,0,0,0
Vincenzo Albanese,Bardiani - CSF,0,6,0,0,0,0,0,0,0,0,0,0
Andrea Guardini,Bardiani - CSF,0,6,0,0,0,0,0,0,0,0,0,0
Luca Wackermann,Bardiani - CSF,0,6,0,0,0,0,0,0,0,0,0,0
Alberto Bettiol,BMC Racing Team,0,6,1,1,0,1,0,0,0,0,0,0
Patrick Bevin,BMC Racing Team,0,6,0,0,0,0,0,0,0,0,0,0
Damiano Caruso,BMC Racing Team,0,6,0,0,0,0,0,0,0,0,0,0
Alessandro De Marchi,BMC Racing Team,0,6,0,0,0,0,0,0,0,0,0,0
Rohan Dennis,BMC Racing Team,0,6,0,0,0,0,0,0,0,0,0,0
Jean-Pierre Drucker,BMC Racing Team,0,6,1,0,1,1,0,1,0,0,0,0
Stefan Küng,BMC Racing Team,0,6,1,0,1,1,0,0,0,0,0,0
Nicolas Roche,BMC Racing Team,0,6,0,0,0,0,0,0,0,0,0,0
Tejay Van Garderen,BMC Racing Team,0,6,0,0,0,0,0,0,0,0,0,0
Francisco Ventoso,BMC Racing Team,0,6,0,1,1,0,0,0,0,0,0,0
Loïc Vliegen,BMC Racing Team,0,6,0,0,0,0,0,0,0,0,0,0
Danilo Wyss,BMC Racing Team,0,6,0,0,0,0,0,0,0,0,0,0
Pascal Ackermann,BORA - hansgrohe,0,6,1,0,1,0,1,0,0,0,0,0
Cesare Benedetti,BORA - hansgrohe,0,6,0,0,0,0,0,0,0,1,1,1
Sam Bennett,BORA - hansgrohe,0,6,0,0,0,0,0,0,0,0,0,0
Maciej Bodnar,BORA - hansgrohe,0,6,0,1,1,1,0,0,0,0,0,0
Emanuel Buchmann,BORA - hansgrohe,0,6,0,0,0,0,0,0,0,0,0,0
Marcus Burghardt,BORA - hansgrohe,0,6,0,1,1,1,0,1,0,1,0,0
Davide Formolo,BORA - hansgrohe,0,6,0,0,0,0,0,0,0,0,0,1
Felix Grossschartner,BORA - hansgrohe,0,6,0,0,0,0,0,0,0,0,0,0
Peter Kennaugh,BORA - hansgrohe,0,6,0,0,0,0,0,0,0,1,1,1
Michael Kolar,BORA - hansgrohe,0,6,1,0,0,0,1,0,0,0,0,0
Leopold König,BORA - hansgrohe,0,6,0,0,0,0,0,0,0,0,0,0
Patrick Konrad,BORA - hansgrohe,0,6,0,0,0,0,0,0,0,0,0,0
Jay McCarthy,BORA - hansgrohe,0,6,0,0,0,0,0,0,0,0,0,0
Gregor Mühlberger,BORA - hansgrohe,0,6,0,0,0,0,0,0,0,1,1,1
Matteo Pelucchi,BORA - hansgrohe,0,6,0,0,0,0,1,0,0,0,0,0
Pawel Poljanski,BORA - hansgrohe,0,6,0,0,0,0,0,0,0,0,0,1
Lukas Pöstlberger,BORA - hansgrohe,0,6,0,0,0,0,0,0,0,0,0,0
Aleksejs Saramotins,BORA - hansgrohe,0,6,0,0,0,1,0,0,0,0,0,0
Michael Schwarzmann,BORA - hansgrohe,0,6,1,0,0,0,1,0,0,0,0,0
Rüdiger Selig,BORA - hansgrohe,0,6,0,1,1,0,1,1,0,0,0,0
Dimitri Claeys,Cofidis Solutions Crédits,0,6,0,1,1,1,0,0,0,0,0,0
Nicolas Edet,Cofidis Solutions Crédits,0,6,0,0,0,0,0,0,0,0,0,0
Jesús Herrada,Cofidis Solutions Crédits,0,6,0,0,0,0,0,0,0,0,0,0
Christophe Laporte,Cofidis Solutions Crédits,40,6,0,1,1,1,0,0,0,0,0,0
Cyril Lemoine,Cofidis Solutions Crédits,0,6,0,1,1,1,1,0,0,0,0,0
Luis Ángel Maté,Cofidis Solutions Crédits,0,6,0,0,0,0,0,0,0,0,1,1
Daniel Navarro,Cofidis Solutions Crédits,0,6,0,0,0,0,0,0,0,0,1,1
Anthony Perez,Cofidis Solutions Crédits,0,6,0,0,0,0,0,0,0,0,0,0
Geoffrey Soupe,Cofidis Solutions Crédits,0,6,0,0,0,0,0,0,0,0,0,0
Anthony Turgis,Cofidis Solutions Crédits,0,6,0,0,0,0,0,0,0,0,0,0
Mauro Finetto,Delko Marseille Provence KTM,0,6,0,0,0,0,0,0,0,0,1,0
Jeremy Leveau,Delko Marseille Provence KTM,0,6,0,0,0,0,0,0,0,0,0,0
Yannick Martinez,Delko Marseille Provence KTM,0,6,0,0,0,0,0,0,0,0,0,0
Igor Anton,Dimension Data,0,6,0,0,0,0,0,0,0,0,0,0
Stephen Cummings,Dimension Data,0,6,0,0,0,0,0,0,0,0,0,0
Bernhard Eisel,Dimension Data,0,6,0,0,0,0,0,0,0,0,0,0
Amanuel Gebreigzabhier,Dimension Data,0,6,0,0,0,0,0,0,0,0,0,0
Reinardt Janse Van Rensburg,Dimension Data,0,6,0,0,0,0,0,0,0,0,0,0
Louis Meintjes,Dimension Data,0,6,0,0,0,0,0,0,0,0,0,0
Serge Pauwels,Dimension Data,0,6,0,0,0,0,0,0,0,0,0,0
Mark Renshaw,Dimension Data,0,6,0,0,0,0,0,0,0,0,0,0
Jay Robert Thomson,Dimension Data,0,6,1,1,1,1,1,1,0,0,0,0
Scott Thwaites,Dimension Data,0,6,1,1,1,1,1,0,0,0,0,0
Julien Vermote,Dimension Data,0,6,1,1,1,1,1,0,0,0,0,0
Lilian Calmejane,Direct Energie,0,6,0,0,0,0,0,0,0,0,0,0
Damien Gaudin,Direct Energie,0,6,1,0,0,0,0,0,0,0,0,0
Adrien Petit,Direct Energie,0,6,1,0,0,0,0,0,0,0,0,0
Rein Taaramäe,Direct Energie,0,6,0,0,0,0,0,0,0,0,1,1
Matti Breschel,EF Education First-Drapac p/b Cannondale,50,6,1,1,1,1,1,0,0,0,0,0
Brendan Canty,EF Education First-Drapac p/b Cannondale,0,6,0,0,0,0,0,0,0,0,0,0
Hugh Carthy,EF Education First-Drapac p/b Cannondale,0,6,0,0,0,0,0,0,0,0,0,0
Simon Clarke,EF Education First-Drapac p/b Cannondale,0,6,0,0,0,0,0,0,0,0,0,0
William Clarke,EF Education First-Drapac p/b Cannondale,0,6,0,0,0,0,0,0,0,0,0,0
Lawson Craddock,EF Education First-Drapac p/b Cannondale,0,6,0,0,0,0,0,0,0,0,0,0
Mitchell Docker,EF Education First-Drapac p/b Cannondale,0,6,1,0,1,0,1,0,0,0,0,0
Joe Dombrowski,EF Education First-Drapac p/b Cannondale,0,6,0,0,0,0,0,0,0,0,0,0
Alex Howes,EF Education First-Drapac p/b Cannondale,0,6,0,0,0,0,0,0,0,0,0,0
Daniel Mclay,EF Education First-Drapac p/b Cannondale,0,6,0,1,1,0,1,0,0,0,0,0
Logan Owen,EF Education First-Drapac p/b Cannondale,0,6,0,0,0,0,0,0,0,0,0,0
Taylor Phinney,EF Education First-Drapac p/b Cannondale,0,6,1,1,0,1,1,1,0,0,0,0
Pierre Rolland,EF Education First-Drapac p/b Cannondale,0,6,0,0,0,0,0,0,0,0,0,1
Tom Van Asbroeck,EF Education First-Drapac p/b Cannondale,0,6,1,0,1,1,1,0,0,0,0,0
Michael Woods,EF Education First-Drapac p/b Cannondale,0,6,0,0,0,0,0,0,0,1,1,1
Maxime Bouet,Fortuneo - Samsic,0,6,0,0,0,0,0,0,0,0,0,0
Maxime Daniel,Fortuneo - Samsic,0,6,0,0,0,0,1,0,0,0,0,0
Anthony Delaplace,Fortuneo - Samsic,0,6,0,0,0,0,0,0,0,0,0,0
Romain Hardy,Fortuneo - Samsic,0,6,0,0,0,0,0,0,0,0,1,1
Amaël Moinard,Fortuneo - Samsic,0,6,0,0,0,0,0,0,0,0,0,0
Sergey Firsanov,Gazprom-RusVelo ,0,6,0,0,0,0,0,0,0,0,0,0
William Bonnet,Groupama - FDJ,0,6,0,0,0,0,0,0,0,0,0,0
Davide Cimolai,Groupama - FDJ,10,6,0,0,0,0,0,0,0,0,0,0
Mickaël Delage,Groupama - FDJ,10,6,1,1,0,1,0,0,0,0,0,0
David Gaudu,Groupama - FDJ,0,6,0,0,0,0,0,0,0,0,1,0
Jacopo Guarnieri,Groupama - FDJ,10,6,1,1,0,1,0,0,0,0,0,0
Ignatas Konovalovas,Groupama - FDJ,10,6,1,1,0,1,0,0,0,0,0,0
Matthieu Ladagnous,Groupama - FDJ,10,6,0,1,0,0,0,0,0,0,0,0
Rudy Molard,Groupama - FDJ,0,6,0,0,0,0,0,0,0,1,1,1
Steve Morabito,Groupama - FDJ,0,6,0,0,0,0,0,0,0,0,0,0
Sebastien Reichenbach,Groupama - FDJ,0,6,0,0,0,0,0,0,0,0,0,0
Anthony Roux,Groupama - FDJ,0,6,0,0,0,0,0,0,0,1,1,1
Jérémy Roy,Groupama - FDJ,0,6,0,0,0,0,0,0,0,0,0,0
Marc Sarreau,Groupama - FDJ,0,6,0,1,0,0,0,0,0,0,0,0
Ramon Sinkeldam,Groupama - FDJ,0,6,1,0,0,1,0,0,0,0,0,0
Benjamin Thomas,Groupama - FDJ,0,6,0,0,0,0,0,0,0,0,0,0
Arthur Vichot,Groupama - FDJ,0,6,0,0,0,0,0,0,0,0,0,0
Guillaume Boivin,Israel Cycling Academy,0,6,0,0,0,0,0,0,0,0,0,0
Zakkari Dempster,Israel Cycling Academy,0,6,0,0,0,0,0,0,0,0,0,0
Sondre Holst Enger,Israel Cycling Academy,0,6,0,0,0,0,0,0,0,0,0,0
Ben Hermans,Israel Cycling Academy,0,6,0,0,0,0,0,0,0,0,0,0
August Jensen,Israel Cycling Academy,0,6,0,0,0,0,0,0,0,0,0,0
Krists Neilands,Israel Cycling Academy,0,6,0,0,0,0,0,0,0,0,0,0
Rubén Plaza,Israel Cycling Academy,0,6,0,0,0,0,0,0,0,0,0,0
Mihkel Raim,Israel Cycling Academy,0,6,0,0,0,0,0,0,0,0,0,0
Kristian Sbaragli,Israel Cycling Academy,0,6,0,0,0,0,0,0,0,1,0,0
Lars Ytting Bak,Lotto Soudal,0,6,0,0,1,0,0,0,0,0,0,0
Victor Campenaerts,Lotto Soudal,0,6,0,0,0,0,0,0,0,0,0,0
Jasper De Buyst,Lotto Soudal,0,6,1,1,1,1,1,0,0,0,0,0
Thomas De Gendt,Lotto Soudal,0,6,0,0,0,0,0,0,0,0,1,1
Adam Hansen,Lotto Soudal,0,6,0,0,0,0,0,0,0,0,0,0
Moreno Hofland,Lotto Soudal,0,6,0,1,1,0,0,1,0,0,0,0
Bjorg Lambrecht,Lotto Soudal,0,6,0,0,0,0,0,0,0,0,0,0
Nikolas Maes,Lotto Soudal,0,6,1,0,0,0,1,0,0,0,0,0
Maxime Monfort,Lotto Soudal,0,6,0,0,0,0,0,0,0,0,1,1
Marcel Sieberg,Lotto Soudal,0,6,0,0,0,1,1,0,0,0,0,0
Tosh Van Der Sande,Lotto Soudal,0,6,0,0,0,0,0,0,0,0,0,0
Jelle Vanendert,Lotto Soudal,0,6,0,0,0,0,0,0,0,1,1,1
Jelle Wallays,Lotto Soudal,0,6,1,1,0,1,1,0,0,0,0,0
Jack Bauer,Mitchelton-Scott,0,6,1,1,1,1,0,0,0,0,0,0
Mathew Hayman,Mitchelton-Scott,0,6,1,1,1,1,0,1,0,0,0,0
Daryl Impey,Mitchelton-Scott,20,6,0,0,0,0,0,0,0,1,0,0
Christopher Juul-Jensen,Mitchelton-Scott,20,6,0,0,0,0,0,0,0,0,0,0
Roger Kluge,Mitchelton-Scott,20,6,0,1,1,0,0,0,0,0,0,0
Luka Mezgec,Mitchelton-Scott,0,6,0,1,1,1,0,1,0,0,0,0
Svein Tuft,Mitchelton-Scott,20,6,0,0,0,0,0,0,0,0,0,0
Andrey Amador,Movistar Team,0,6,1,0,0,1,0,0,0,0,0,0
Daniele Bennati,Movistar Team,0,6,0,1,0,1,0,0,0,0,0,0
Carlos Betancur,Movistar Team,0,6,0,1,0,0,0,0,0,0,0,0
Víctor De La Parte,Movistar Team,0,6,0,0,0,0,0,0,0,0,0,0
Imanol Erviti,Movistar Team,0,6,0,0,0,1,0,0,0,0,0,0
Rubén Fernández,Movistar Team,0,6,0,0,0,0,0,0,0,0,0,0
Nelson Oliveira,Movistar Team,0,6,1,0,0,1,0,0,0,0,0,0
Eduardo Sepúlveda,Movistar Team,0,6,0,0,0,0,0,0,0,0,0,0
Marc Soler,Movistar Team,0,6,0,0,0,0,0,1,0,1,1,1
Rafael Valls,Movistar Team,0,6,0,0,0,0,0,0,0,0,0,0
Marco Canola,Nippo - Vini Fantini,30,6,0,0,0,0,0,0,0,0,0,0
Damiano Cunego,Nippo - Vini Fantini,0,6,0,0,0,0,0,0,0,0,0,0
Juan José Lobato,Nippo - Vini Fantini,0,6,0,0,0,0,0,0,0,1,0,0
Laurens De Plus,Quick-Step Floors,0,6,0,0,0,0,0,0,0,0,0,0
Tim Declercq,Quick-Step Floors,0,6,0,1,0,1,0,0,0,0,0,0
Fabio Jakobsen,Quick-Step Floors,0,6,0,0,0,0,1,0,0,0,0,0
Iljo Keisse,Quick-Step Floors,0,6,1,0,1,1,1,0,0,0,0,0
Davide Martinelli,Quick-Step Floors,0,6,0,0,0,0,1,0,0,0,0,0
Enric Mas,Quick-Step Floors,0,6,0,0,0,0,0,0,0,1,1,1
Jhonatan Narvaez,Quick-Step Floors,0,6,0,0,0,0,0,0,0,0,0,0
Ariel Maximiliano Richeze,Quick-Step Floors,5,6,0,1,0,0,0,0,0,0,0,0
Fabio Sabatini,Quick-Step Floors,0,6,0,0,0,0,1,0,0,0,0,0
Florian Sénéchal,Quick-Step Floors,0,6,0,1,0,1,1,0,0,0,0,0
Pieter Serry,Quick-Step Floors,0,6,0,0,0,0,0,0,0,1,1,1
Tim Ariesen,Roompot - Nederlandse Loterij,0,6,0,0,0,0,0,0,0,0,0,0
Jesper Asselman,Roompot - Nederlandse Loterij,0,6,0,0,0,1,0,0,0,0,0,0
Floris Gerts,Roompot - Nederlandse Loterij,0,6,1,1,0,1,0,0,0,0,0,0
Pim Ligthart,Roompot - Nederlandse Loterij,0,6,1,1,0,1,1,0,0,0,0,0
Pieter Weening,Roompot - Nederlandse Loterij,0,6,0,0,0,0,0,0,0,0,0,0
Wouter Wippert,Roompot - Nederlandse Loterij,0,6,0,0,0,0,1,0,0,0,0,0
Edward Planckaert,Sport Vlaanderen - Baloise,0,6,0,1,0,1,1,0,0,0,0,0
Preben Van Hecke,Sport Vlaanderen - Baloise,0,6,0,1,0,1,0,0,0,0,0,0
José Gonçalves,Team Katusha - Alpecin,0,6,1,1,0,1,0,0,0,0,0,0
Reto Hollenstein,Team Katusha - Alpecin,0,6,1,0,1,0,0,0,0,0,0,0
Robert Kišerlovski,Team Katusha - Alpecin,0,6,0,0,0,0,0,0,0,0,0,0
Viacheslav Kuznetsov,Team Katusha - Alpecin,0,6,0,0,1,0,0,0,0,0,0,0
Maurits Lammertink,Team Katusha - Alpecin,0,6,0,0,0,0,0,0,0,1,1,1
Baptiste Planckaert,Team Katusha - Alpecin,0,6,1,0,1,1,0,0,0,0,0,0
Willie Smit,Team Katusha - Alpecin,0,6,0,0,0,0,0,0,0,0,0,0
Simon Špilak,Team Katusha - Alpecin,0,6,0,0,0,0,0,0,0,0,0,0
Mads Würtz Schmidt,Team Katusha - Alpecin,0,6,0,0,0,0,1,1,0,0,0,0
Rick Zabel,Team Katusha - Alpecin,0,6,1,1,0,1,1,1,0,0,0,0
Enrico Battaglin,Team LottoNL-Jumbo,0,6,0,0,0,0,0,0,0,0,0,0
George Bennett,Team LottoNL-Jumbo,0,6,0,0,0,0,0,0,0,0,0,0
Stef Clement,Team LottoNL-Jumbo,0,6,0,0,0,0,0,0,0,0,0,0
Floris De Tier,Team LottoNL-Jumbo,0,6,0,0,0,0,0,0,0,1,1,1
Steven Kruijswijk,Team LottoNL-Jumbo,0,6,0,0,0,0,0,0,0,0,1,0
Sepp Kuss,Team LottoNL-Jumbo,0,6,0,0,0,0,0,0,0,0,0,0
Bert-Jan Lindeman,Team LottoNL-Jumbo,0,6,0,0,0,0,0,0,0,0,0,0
Neilson Powless,Team LottoNL-Jumbo,0,6,0,0,0,0,0,0,0,0,0,0
Gijs Van Hoecke,Team LottoNL-Jumbo,0,6,1,1,0,1,0,0,0,0,0,0
Danny Van Poppel,Team LottoNL-Jumbo,0,6,0,1,1,0,0,0,0,0,0,0
Maarten Wynants,Team LottoNL-Jumbo,0,6,1,0,0,0,0,0,0,0,0,0
Jonathan Castroviejo,Team Sky,0,6,0,0,0,0,0,0,0,0,0,0
David De La Cruz,Team Sky,0,6,0,0,0,0,0,0,0,0,0,0
Kenny Elissonde,Team Sky,0,6,0,0,0,0,0,0,0,0,0,0
Tao Geoghegan Hart,Team Sky,0,6,0,0,0,0,0,0,0,0,0,0
Michal Golas,Team Sky,0,6,1,1,0,0,0,0,0,0,0,0
Kristoffer Halvorsen,Team Sky,0,6,1,1,1,0,0,0,0,0,0,0
Sebastián Henao,Team Sky,0,6,0,0,0,0,0,0,0,0,0,0
Beñat Intxausti,Team Sky,0,6,0,0,0,0,0,0,0,0,0,0
Vasil Kiryienka,Team Sky,0,6,0,0,0,0,0,0,0,0,0,0
Christian Knees,Team Sky,0,6,1,1,0,1,0,0,0,0,0,0
Christopher Lawless,Team Sky,0,6,0,0,1,0,0,0,0,0,0,0
David Lopez,Team Sky,0,6,0,0,0,0,0,0,0,0,0,0
Salvatore Puccio,Team Sky,0,6,0,0,0,0,0,0,0,0,0,0
Pavel Sivakov,Team Sky,0,6,0,0,0,0,0,0,0,0,0,0
Łukasz Wiśniowski,Team Sky,0,6,0,0,0,0,0,0,0,0,0,0
Nikias Arndt,Team Sunweb,0,6,0,1,1,1,0,1,0,0,0,0
Simon Geschke,Team Sunweb,0,6,0,0,0,0,0,0,0,1,1,1
Sam Oomen,Team Sunweb,0,6,0,0,0,0,0,0,0,0,0,1
Michael Storer,Team Sunweb,0,6,0,0,0,0,0,0,0,0,0,0
Mike Teunissen,Team Sunweb,0,6,1,1,1,1,1,0,0,0,0,0
Gianluca Brambilla,Trek - Segafredo,0,6,0,0,0,0,0,0,0,0,0,0
Laurent Didier,Trek - Segafredo,0,6,0,0,0,0,0,0,0,0,0,0
Michael Gogl,Trek - Segafredo,0,6,0,0,0,0,0,0,0,0,0,0
Markel Irizar,Trek - Segafredo,0,6,0,0,0,0,0,0,0,0,0,0
Jarlinson Pantano,Trek - Segafredo,0,6,0,0,0,0,0,0,0,0,0,0
Mads Pedersen,Trek - Segafredo,0,6,1,1,1,1,0,0,0,0,0,0
Gregory Rast,Trek - Segafredo,0,6,1,1,1,1,0,0,0,0,0,0
Kiel Reijnen,Trek - Segafredo,0,6,0,0,0,0,0,0,0,0,0,0
Boy Van Poppel,Trek - Segafredo,0,6,1,1,1,1,0,0,0,0,0,0
John Darwin Atapuma,UAE-Team Emirates,0,6,0,0,0,0,0,0,0,0,0,0
Matteo Bono,UAE-Team Emirates,60,6,0,0,0,0,0,0,0,0,0,0
Simone Consonni,UAE-Team Emirates,0,6,1,1,1,1,0,0,0,0,0,0
Valerio Conti,UAE-Team Emirates,0,6,0,0,0,0,0,0,0,0,0,0
Kristijan Durasek,UAE-Team Emirates,0,6,0,0,0,0,0,0,0,0,0,0
Roberto Ferrari,UAE-Team Emirates,0,6,0,0,0,0,0,0,0,0,0,0
Vegard Stake Laengen,UAE-Team Emirates,0,6,0,0,0,0,0,0,0,0,0,0
Marco Marcato,UAE-Team Emirates,0,6,1,1,1,1,0,0,0,0,0,0
Przemyslaw Niemiec,UAE-Team Emirates,0,6,0,0,0,0,0,0,0,0,0,0
Simone Petilli,UAE-Team Emirates,0,6,0,0,0,0,0,0,0,0,0,0
Jan Polanc,UAE-Team Emirates,0,6,0,0,0,0,0,0,0,0,0,0
Alexandr Riabushenko,UAE-Team Emirates,0,6,0,0,0,0,0,0,0,0,0,0
Sean De Bie,Vérandas Willems-Crelan,0,6,1,1,1,1,1,0,0,0,0,0
Mathias De Witte,Vérandas Willems-Crelan,0,6,0,1,0,1,1,0,0,0,0,0
Huub Duijn,Vérandas Willems-Crelan,0,6,1,1,1,1,0,0,0,0,0,0
Michael Goolaerts,Vérandas Willems-Crelan,0,6,0,1,1,1,0,1,0,0,0,0
Tim Merlier,Vérandas Willems-Crelan,0,6,0,0,0,0,0,0,0,0,0,0
Kris Boeckmans,Vital Concept,0,6,0,1,0,1,1,0,0,0,0,0
Johan Le Bon,Vital Concept,0,6,1,0,0,1,0,0,0,0,0,0
Jérémy Lecroq,Vital Concept,0,6,1,1,0,0,1,0,0,0,0,0
Lorrenzo Manzin,Vital Concept,0,6,0,0,0,0,0,0,0,0,0,0
Quentin Pacher,Vital Concept,0,6,0,0,0,0,0,0,0,0,0,0
Kévin Réza,Vital Concept,0,6,0,0,0,0,1,0,0,0,0,0
Frederik Backaert,Wanty - Groupe Gobert,0,6,1,0,1,1,1,0,0,0,0,0
Jerome Baugnies,Wanty - Groupe Gobert,0,6,0,0,0,0,0,0,0,0,0,0
Bart De Clercq,Wanty - Groupe Gobert,0,6,0,0,0,0,0,0,0,0,0,0
Tom Devriendt,Wanty - Groupe Gobert,0,6,1,0,1,0,1,0,0,0,0,0
Timothy Dupont,Wanty - Groupe Gobert,0,6,0,1,0,0,1,0,0,0,0,0
Mark McNally,Wanty - Groupe Gobert,0,6,0,0,0,0,0,0,0,0,0,0
Xandro Meurisse,Wanty - Groupe Gobert,0,6,0,0,0,0,0,0,0,0,1,1
Marco Minnaard,Wanty - Groupe Gobert,0,6,0,0,0,0,0,0,0,0,0,0
Yoann Offredo,Wanty - Groupe Gobert,0,6,1,1,0,1,0,0,0,0,0,0
Andrea Pasqualon,Wanty - Groupe Gobert,0,6,0,1,1,1,0,0,0,0,0,0
Dion Smith,Wanty - Groupe Gobert,0,6,0,0,1,1,0,0,0,0,0,0
Guillaume Van Keirsbulck,Wanty - Groupe Gobert,0,6,1,1,1,1,1,0,0,0,0,0
Pieter Vanspeybrouck,Wanty - Groupe Gobert,0,6,1,1,1,1,1,0,0,0,0,0
Kenny Dehaes,WB Veranclassic Aqua Protect ,0,6,0,1,1,1,1,0,0,0,0,0
Christophe Masson,WB Veranclassic Aqua Protect ,0,6,0,0,0,0,0,0,0,0,0,0
Matteo Busato,Wilier Triestina - Selle Italia,0,6,0,0,0,0,0,0,0,0,0,0
Jakub Mareczko,Wilier Triestina - Selle Italia,0,6,0,0,0,0,0,0,0,0,0,0
Jacopo Mosca,Wilier Triestina - Selle Italia,60,6,0,0,0,0,0,0,0,0,0,0
Edoardo Zardini,Wilier Triestina - Selle Italia,0,6,0,0,0,0,0,0,0,0,0,0
Eugert Zhupa,Wilier Triestina - Selle Italia,0,6,0,0,0,0,0,0,0,0,0,0
Gediminas Bagdonas,AG2R La Mondiale,0,4,1,1,1,1,0,0,0,0,0,0
François Bidard,AG2R La Mondiale,0,4,0,0,0,0,0,0,0,0,0,0
Clément Chevrier,AG2R La Mondiale,0,4,0,0,0,0,0,0,0,0,0,0
Benoit Cosnefroy,AG2R La Mondiale,0,4,0,0,0,0,0,0,0,0,0,0
Nico Denz,AG2R La Mondiale,0,4,1,0,0,0,0,1,0,0,0,0
Julien Duval,AG2R La Mondiale,0,4,1,1,1,1,0,0,0,0,0,0
Ben Gastauer,AG2R La Mondiale,0,4,0,0,0,0,0,0,0,0,0,0
Alexis Gougeard,AG2R La Mondiale,0,4,0,0,0,0,0,0,0,0,0,0
Quentin Jauregui,AG2R La Mondiale,0,4,0,0,0,0,0,0,0,0,0,0
Aurelien Paret-Peintre,AG2R La Mondiale,0,4,0,0,0,0,0,0,0,0,0,0
Nans Peters,AG2R La Mondiale,0,4,0,0,0,0,0,0,0,0,0,0
Shane Archbold,Aqua Blue Sport,0,4,0,0,0,0,0,0,0,0,0,0
Matthew Brammeier,Aqua Blue Sport,0,4,0,0,0,0,0,0,0,0,0,0
Mark Christian,Aqua Blue Sport,0,4,0,0,0,0,0,0,0,0,0,0
Conor Dunne,Aqua Blue Sport,0,4,0,0,0,0,0,0,0,0,0,0
Aaron Gate,Aqua Blue Sport,0,4,0,0,0,0,0,0,0,0,0,0
Peter Koning,Aqua Blue Sport,0,4,0,0,0,0,0,0,0,0,0,0
Daniel Pearson,Aqua Blue Sport,0,4,0,0,0,0,0,0,0,0,0,0
Casper Pedersen,Aqua Blue Sport,0,4,0,0,0,0,0,0,0,0,0,0
Calvin Watson,Aqua Blue Sport,0,4,0,0,0,0,0,0,0,0,0,0
Zhandos Bizhigitov,Astana Pro Team,0,4,0,0,0,0,1,0,0,0,0,0
Daniil Fominykh,Astana Pro Team,0,4,0,0,0,0,0,0,0,0,0,0
Truls Korsaeth,Astana Pro Team,0,4,1,0,1,1,1,1,0,0,0,0
Bakhtiyar Kozhatayev,Astana Pro Team,0,4,0,0,0,0,0,0,0,0,0,0
Nikita Stalnov,Astana Pro Team,0,4,0,0,0,0,0,0,0,0,0,0
Ruslan Tleubayev,Astana Pro Team,0,4,0,0,0,0,1,0,0,0,0,0
Artyom Zakharov,Astana Pro Team,0,4,0,0,0,0,0,0,0,0,0,0
Valerio Agnoli,Bahrain Merida Pro Cycling Team,0,4,0,0,0,0,0,0,0,0,0,0
Yukiya Arashiro,Bahrain Merida Pro Cycling Team,0,4,0,0,0,0,0,0,0,0,0,0
Manuele Boaro,Bahrain Merida Pro Cycling Team,0,4,0,0,0,0,0,0,0,0,0,0
Grega Bole,Bahrain Merida Pro Cycling Team,0,4,0,0,0,0,0,0,0,0,0,0
Chun Kai Feng,Bahrain Merida Pro Cycling Team,0,4,0,0,0,0,0,0,0,0,0,0
Ivan Garcia Cortina,Bahrain Merida Pro Cycling Team,0,4,1,1,0,1,0,0,0,0,0,0
Matej Mohoric,Bahrain Merida Pro Cycling Team,30,4,0,0,0,0,0,0,0,1,0,0
Antonio Nibali,Bahrain Merida Pro Cycling Team,0,4,0,0,0,0,0,0,0,0,0,0
Domen Novak,Bahrain Merida Pro Cycling Team,0,4,0,0,0,0,0,0,0,0,0,0
Mark Padun,Bahrain Merida Pro Cycling Team,0,4,0,0,0,0,0,0,0,0,0,0
David Per,Bahrain Merida Pro Cycling Team,0,4,1,1,1,1,0,0,0,0,0,0
Luka Pibernik,Bahrain Merida Pro Cycling Team,30,4,1,1,1,1,0,0,0,0,0,0
Meiyin Wang,Bahrain Merida Pro Cycling Team,0,4,0,0,1,0,0,0,0,0,0,0
Simone Andreetta,Bardiani - CSF,0,4,0,0,0,0,0,0,0,0,0,0
Enrico Barbin,Bardiani - CSF,0,4,0,0,0,0,0,0,0,0,0,0
Michael Bresciani,Bardiani - CSF,0,4,0,0,0,0,0,0,0,0,0,0
Giovanni Carboni,Bardiani - CSF,0,4,0,0,0,0,0,0,0,0,0,0
Giulio Ciccone,Bardiani - CSF,0,4,0,0,0,0,0,0,0,0,0,0
Mirco Maestri,Bardiani - CSF,60,4,0,0,0,0,0,0,0,0,0,0
Marco Maronese,Bardiani - CSF,0,4,0,0,0,0,0,0,0,0,0,0
Umberto Orsini,Bardiani - CSF,0,4,0,0,0,0,0,0,0,0,0,0
Lorenzo Rota,Bardiani - CSF,60,4,0,0,0,0,0,0,0,0,0,0
Daniel Savini,Bardiani - CSF,0,4,0,0,0,0,0,0,0,0,0,0
Manuel Senni,Bardiani - CSF,0,4,0,0,0,0,0,0,0,0,0,0
Paolo Simion,Bardiani - CSF,0,4,0,0,0,0,0,0,0,0,0,0
Simone Sterbini,Bardiani - CSF,0,4,0,0,0,0,0,0,0,0,0,0
Alessandro Tonelli,Bardiani - CSF,0,4,0,0,0,0,0,0,0,0,0,0
Tom Bohli,BMC Racing Team,0,4,0,0,1,0,0,0,0,0,0,0
Brent Bookwalter,BMC Racing Team,0,4,0,0,0,0,0,0,0,0,0,0
Kilian Frankiny,BMC Racing Team,0,4,0,0,0,0,0,0,0,0,0,0
Joey Rosskopf,BMC Racing Team,0,4,0,0,0,0,0,0,0,0,0,0
Michael Schar,BMC Racing Team,0,4,1,1,0,1,0,0,0,0,0,0
Miles Scotson,BMC Racing Team,0,4,0,0,1,0,0,0,0,0,0,0
Nathan Van Hooydonck,BMC Racing Team,0,4,1,1,0,1,0,0,0,0,0,0
Erik Baška,BORA - hansgrohe,0,4,1,0,0,0,1,0,0,0,0,0
Christoph Pfingsten,BORA - hansgrohe,0,4,1,0,0,0,1,0,0,0,0,0
Juraj Sagan,BORA - hansgrohe,0,4,0,1,1,1,0,0,0,0,0,0
Andreas Schillinger,BORA - hansgrohe,0,4,0,1,0,1,0,0,0,0,0,0
Guillaume Bonnafond,Cofidis Solutions Crédits,0,4,0,0,0,0,0,0,0,0,0,0
Rayane Bouhanni,Cofidis Solutions Crédits,0,4,0,0,0,0,0,0,0,0,0,0
Loïc Chetout,Cofidis Solutions Crédits,0,4,0,0,0,0,1,0,0,0,0,0
Dorian Godon,Cofidis Solutions Crédits,0,4,0,0,0,0,0,0,0,0,0,0
José Herrada,Cofidis Solutions Crédits,0,4,0,0,0,0,0,0,0,0,0,0
Hugo Hofstetter,Cofidis Solutions Crédits,0,4,0,1,1,1,1,0,0,0,0,0
Victor Lafay,Cofidis Solutions Crédits,0,4,0,0,0,0,0,0,0,0,0,0
Matthias Le Turnier,Cofidis Solutions Crédits,0,4,0,0,0,0,0,0,0,0,0,0
Stephane Rossetto,Cofidis Solutions Crédits,0,4,0,0,0,0,0,0,0,0,0,0
Julien Simon,Cofidis Solutions Crédits,0,4,0,0,0,0,0,0,0,0,0,0
Daniel Teklehaimanot,Cofidis Solutions Crédits,0,4,0,0,0,0,0,0,0,0,0,0
Jimmy Turgis,Cofidis Solutions Crédits,0,4,0,0,0,0,1,0,0,0,0,0
Bert Van Lerberghe,Cofidis Solutions Crédits,0,4,0,1,1,1,0,0,0,0,0,0
Michael Van Staeyen,Cofidis Solutions Crédits,0,4,0,0,1,0,1,0,0,0,0,0
Kenneth Vanbilsen,Cofidis Solutions Crédits,0,4,0,1,1,1,1,0,0,0,0,0
Romain Combaud,Delko Marseille Provence KTM,0,4,0,0,0,0,0,0,0,0,0,0
Lucas De Rossi,Delko Marseille Provence KTM,0,4,0,0,0,0,0,0,0,0,0,0
Rémy Di Grégorio,Delko Marseille Provence KTM,0,4,0,0,0,0,0,0,0,0,0,0
Julien El Fares,Delko Marseille Provence KTM,0,4,0,0,0,0,0,0,0,0,0,0
Delio Fernandez,Delko Marseille Provence KTM,0,4,0,0,0,0,0,0,0,0,0,0
Iuri Filosi,Delko Marseille Provence KTM,0,4,0,0,0,0,0,0,0,0,0,0
Brenton Jones,Delko Marseille Provence KTM,0,4,0,0,0,0,0,0,0,0,0,0
Przemysław Kasperkiewicz,Delko Marseille Provence KTM,0,4,0,0,0,0,0,0,0,0,0,0
Ángel Madrazo,Delko Marseille Provence KTM,0,4,0,0,0,0,0,0,0,0,0,0
Nikolay Mihaylov,Delko Marseille Provence KTM,0,4,0,0,0,0,0,0,0,0,0,0
Javier Moreno,Delko Marseille Provence KTM,0,4,0,0,0,0,0,0,0,0,1,0
John Anderson Rodriguez,Delko Marseille Provence KTM,0,4,0,0,0,0,0,0,0,0,0,0
Evaldas Siskevicius,Delko Marseille Provence KTM,0,4,0,0,0,0,0,0,0,0,0,0
Gatis Smukulis,Delko Marseille Provence KTM,0,4,0,0,0,0,0,0,0,0,0,0
Julien Trarieux,Delko Marseille Provence KTM,0,4,0,0,0,0,0,0,0,0,0,0
Natnael Berhane,Dimension Data,0,4,0,0,0,0,0,0,0,0,0,0
Scott Davies,Dimension Data,0,4,0,0,0,0,0,0,0,0,0,0
Mekseb Debesay,Dimension Data,0,4,0,0,0,0,0,0,0,0,0,0
Nickolas Dlamini,Dimension Data,0,4,0,0,0,0,0,0,0,0,0,0
Nick Dougall,Dimension Data,0,4,1,1,1,1,1,0,0,0,0,0
Ryan Gibbons,Dimension Data,0,4,1,0,1,1,1,0,0,0,0,0
Jacques Janse Van Rensburg,Dimension Data,0,4,0,0,0,0,0,0,0,0,0,0
Benjamin King,Dimension Data,0,4,0,0,0,0,0,0,0,0,0,0
Merhawi Kudus,Dimension Data,0,4,0,0,0,0,0,0,0,0,0,0
Lachlan Morton,Dimension Data,0,4,0,0,0,0,0,0,0,0,0,0
Ben O`Connor,Dimension Data,0,4,0,0,0,0,0,0,0,0,0,0
Johann Van Zyl,Dimension Data,0,4,0,0,0,0,0,0,0,0,0,0
Jaco Venter,Dimension Data,0,4,0,0,0,0,0,0,0,0,0,0
Thomas Boudat,Direct Energie,0,4,0,0,0,0,0,0,0,0,0,0
Romain Cardis,Direct Energie,0,4,1,0,0,0,0,0,0,0,0,0
Jeremy Cornu,Direct Energie,0,4,0,0,0,0,0,0,0,0,0,0
Jérôme Cousin,Direct Energie,0,4,0,0,0,0,0,0,0,0,0,0
Yohann Gene,Direct Energie,0,4,1,0,0,0,0,0,0,0,0,0
Fabien Grellier,Direct Energie,0,4,0,0,0,0,0,0,0,0,0,0
Jonathan Hivert,Direct Energie,0,4,0,0,0,0,0,0,0,0,0,0
Axel Journiaux,Direct Energie,0,4,0,0,0,0,0,0,0,0,0,0
Bryan Nauleau,Direct Energie,0,4,0,0,0,0,0,0,0,0,0,0
Paul Ourselin,Direct Energie,0,4,0,0,0,0,0,0,0,0,0,0
Alexandre Pichot,Direct Energie,0,4,1,0,0,0,0,0,0,0,0,0
Perrig Quemeneur,Direct Energie,0,4,0,0,0,0,0,0,0,0,0,0
Simon Sellier,Direct Energie,0,4,1,0,0,0,0,0,0,0,0,0
Romain Sicard,Direct Energie,0,4,0,0,0,0,0,0,0,0,0,0
Angelo Tulik,Direct Energie,0,4,0,0,0,0,0,0,0,0,0,0
Nathan Brown,EF Education First-Drapac p/b Cannondale,0,4,0,0,0,0,0,0,0,0,0,0
Julián Cardona,EF Education First-Drapac p/b Cannondale,0,4,0,0,0,0,0,0,0,0,0,0
Kim Magnusson,EF Education First-Drapac p/b Cannondale,0,4,0,0,0,0,1,0,0,0,0,0
Daniel Felipe Martinez,EF Education First-Drapac p/b Cannondale,0,4,0,0,0,0,0,0,0,0,0,0
Thomas Scully,EF Education First-Drapac p/b Cannondale,0,4,1,1,0,1,1,0,0,0,0,0
Franck Bonnamour,Fortuneo - Samsic,0,4,0,0,0,0,0,0,0,0,0,0
Michael Carbel,Fortuneo - Samsic,0,4,0,0,0,0,1,1,0,0,0,0
Brice Feillu,Fortuneo - Samsic,0,4,0,0,0,0,1,0,0,0,0,0
Armindo Fonseca,Fortuneo - Samsic,0,4,0,0,0,0,0,0,0,0,0,0
Arnaud Gerard,Fortuneo - Samsic,0,4,0,0,0,0,0,0,0,0,0,0
Elie Gesbert,Fortuneo - Samsic,0,4,0,0,0,0,0,0,0,0,1,1
Thibault Guernalec,Fortuneo - Samsic,0,4,0,0,0,0,0,0,0,0,0,0
Benoit Jarrier,Fortuneo - Samsic,0,4,0,0,0,0,0,0,0,0,0,0
Romain Le Roux,Fortuneo - Samsic,0,4,0,0,0,0,1,0,0,0,0,0
Kevin Ledanois,Fortuneo - Samsic,0,4,0,0,0,0,0,0,0,0,0,0
Sindre Skjøstad Lunke,Fortuneo - Samsic,0,4,0,0,0,0,0,0,0,0,1,1
Jérémy Maison,Fortuneo - Samsic,0,4,0,0,0,0,0,0,0,0,0,1
Pierre-Luc Perichon,Fortuneo - Samsic,0,4,0,0,0,0,1,1,0,0,0,0
Laurent Pichon,Fortuneo - Samsic,0,4,0,0,0,0,0,0,0,0,0,0
Clement Russo,Fortuneo - Samsic,0,4,0,0,0,0,1,0,0,0,0,0
Florian Vachon,Fortuneo - Samsic,0,4,0,0,0,0,0,0,0,0,0,0
Bram Welten,Fortuneo - Samsic,0,4,0,0,0,0,1,0,0,0,0,0
Igor Boev,Gazprom-RusVelo ,0,4,0,0,0,0,0,0,0,0,0,0
Nicolay Cherkasov,Gazprom-RusVelo ,0,4,0,0,0,0,0,0,0,0,0,0
Evgeny Kobernyak,Gazprom-RusVelo ,60,4,0,0,0,0,0,0,0,0,0,0
Stepan Kurianov,Gazprom-RusVelo ,0,4,0,0,0,0,0,0,0,0,0,0
Sergey Lagutin,Gazprom-RusVelo ,0,4,0,0,0,0,0,0,0,0,0,0
Artem Nych,Gazprom-RusVelo ,0,4,0,0,0,0,0,0,0,0,0,0
Aleksandr Vlasov,Gazprom-RusVelo ,0,4,0,0,0,0,0,0,0,0,0,0
Bruno Armirail,Groupama - FDJ,0,4,0,0,0,0,0,0,0,0,0,0
Antoine Duchesne,Groupama - FDJ,0,4,1,0,0,1,0,0,0,0,0,0
Daniel Hoelgaard,Groupama - FDJ,0,4,0,0,0,0,0,0,0,0,0,0
Olivier Le Gac,Groupama - FDJ,10,4,1,1,0,1,0,0,0,0,0,0
Tobias Ludvigsson,Groupama - FDJ,0,4,0,0,0,0,0,0,0,0,0,0
Valentin Madouas,Groupama - FDJ,0,4,0,0,0,0,0,0,0,0,0,0
Georg Preidler,Groupama - FDJ,0,4,0,0,0,0,0,0,0,0,0,0
Romain Seigle,Groupama - FDJ,0,4,0,0,0,0,0,0,0,1,1,1
Benoit Vaugrenard,Groupama - FDJ,0,4,0,0,0,0,0,0,0,0,0,0
Léo Vincent,Groupama - FDJ,0,4,0,0,0,0,0,0,0,0,0,0
Edwin Avila,Israel Cycling Academy,0,4,0,0,0,0,0,0,0,0,0,0
José Manuel Díaz,Israel Cycling Academy,0,4,0,0,0,0,0,0,0,0,0,0
Nathan Earle,Israel Cycling Academy,0,4,0,0,0,0,0,0,0,0,0,0
Omer Goldstein,Israel Cycling Academy,0,4,0,0,0,0,0,0,0,0,0,0
Roy Goldstein,Israel Cycling Academy,0,4,0,0,0,0,0,0,0,0,0,0
Luis Lemus,Israel Cycling Academy,0,4,0,0,0,0,0,0,0,0,0,0
Guy Niv,Israel Cycling Academy,0,4,0,0,0,0,0,0,0,0,0,0
Ben Perry,Israel Cycling Academy,0,4,0,0,0,0,0,0,0,0,0,0
Guy Sagiv,Israel Cycling Academy,60,4,0,0,0,0,0,0,0,0,0,0
Hamish Schreurs,Israel Cycling Academy,0,4,0,0,0,0,0,0,0,0,0,0
Daniel Turek,Israel Cycling Academy,0,4,0,0,0,0,0,0,0,0,0,0
Dennis Van Winden,Israel Cycling Academy,60,4,0,0,0,0,0,0,0,0,0,0
Tyler Williams,Israel Cycling Academy,0,4,0,0,0,0,0,0,0,0,0,0
Aviv Yechezkel,Israel Cycling Academy,0,4,0,0,0,0,0,0,0,0,0,0
Sander Armée,Lotto Soudal,0,4,0,0,0,0,0,0,0,0,0,0
Frederik Frison,Lotto Soudal,0,4,0,1,1,0,1,0,0,0,0,0
Tomasz Marczynski,Lotto Soudal,0,4,0,0,0,0,0,0,0,0,0,0
Remy Mertz,Lotto Soudal,0,4,0,0,0,0,0,0,0,0,0,0
Lawrence Naesen,Lotto Soudal,0,4,1,0,0,0,0,0,0,0,0,0
James Shaw,Lotto Soudal,0,4,0,0,0,0,0,0,0,0,0,0
Harm Vanhoucke,Lotto Soudal,0,4,0,0,0,0,0,0,0,0,0,0
Enzo Wouters,Lotto Soudal,0,4,0,0,0,0,0,0,0,0,0,0
Sam Bewley,Mitchelton-Scott,20,4,0,0,0,0,0,0,0,0,0,0
Alexander Edmondson,Mitchelton-Scott,0,4,1,1,1,1,0,0,0,0,0,0
Jack Haig,Mitchelton-Scott,0,4,0,0,0,0,0,0,0,0,0,0
Lucas Hamilton,Mitchelton-Scott,0,4,0,0,0,0,0,0,0,0,0,0
Michael Hepburn,Mitchelton-Scott,0,4,1,1,1,1,0,0,0,0,0,0
Damien Howson,Mitchelton-Scott,0,4,0,0,0,0,0,0,0,0,0,0
Cameron Meyer,Mitchelton-Scott,0,4,0,0,0,0,0,0,0,0,0,0
Robert Power,Mitchelton-Scott,0,4,0,0,0,0,0,0,0,0,0,0
Carlos Verona,Mitchelton-Scott,0,4,0,0,0,0,0,0,0,0,0,0
Winner Anacona,Movistar Team,0,4,0,0,0,0,0,0,0,0,0,0
Jorge Arcas,Movistar Team,0,4,1,1,0,0,0,0,0,0,0,0
Carlos Barbero,Movistar Team,0,4,1,1,0,0,0,0,0,0,0,0
Nuno Bico,Movistar Team,0,4,1,1,0,1,0,0,0,0,0,0
Richard Carapaz,Movistar Team,0,4,0,0,0,1,0,0,0,0,0,0
Héctor Carretero,Movistar Team,0,4,1,1,0,0,0,0,0,0,0,0
Jaime Castrillo,Movistar Team,0,4,0,0,0,0,0,0,0,0,0,0
Antonio Pedrero,Movistar Team,0,4,0,0,0,0,0,0,0,0,0,0
Dayer Quintana,Movistar Team,0,4,0,0,0,0,0,0,0,0,0,0
Jaime Roson,Movistar Team,0,4,0,0,0,0,0,0,0,0,0,0
Jasha Sütterlin,Movistar Team,0,4,1,1,0,1,0,0,0,0,0,0
Nicola Bagioli,Nippo - Vini Fantini,0,4,0,0,0,0,0,0,0,0,0,0
Joan Bou,Nippo - Vini Fantini,0,4,0,0,0,0,0,0,0,0,0,0
Damiano Cima,Nippo - Vini Fantini,0,4,0,0,0,0,0,0,0,0,0,0
Imerio Cima,Nippo - Vini Fantini,0,4,0,0,0,0,0,0,0,0,0,0
Eduard Michael Grosu,Nippo - Vini Fantini,0,4,0,0,0,0,0,0,0,1,0,0
Sho Hatsuyama,Nippo - Vini Fantini,60,4,0,0,0,0,0,0,0,0,0,0
Masakazu Ito,Nippo - Vini Fantini,0,4,0,0,0,0,0,0,0,0,0,0
Marino Kobayashi,Nippo - Vini Fantini,0,4,0,0,0,0,0,0,0,0,0,0
Alan Marangoni,Nippo - Vini Fantini,0,4,0,0,0,0,0,0,0,0,0,0
Hideto Nakane,Nippo - Vini Fantini,0,4,0,0,0,0,0,0,0,0,0,0
Hiroki Nishimura,Nippo - Vini Fantini,0,4,0,0,0,0,0,0,0,0,0,0
Simone Ponzi,Nippo - Vini Fantini,0,4,0,0,0,0,0,0,0,0,0,0
Ivan Santaromita,Nippo - Vini Fantini,0,4,0,0,0,0,0,0,0,0,0,0
Marco Tizza,Nippo - Vini Fantini,0,4,0,0,0,0,0,0,0,0,0,0
Kohei Uchima,Nippo - Vini Fantini,0,4,0,0,0,0,0,0,0,0,0,0
Hayato Yoshida,Nippo - Vini Fantini,0,4,0,0,0,0,0,0,0,0,0,0
Filippo Zaccanti,Nippo - Vini Fantini,0,4,0,0,0,0,0,0,0,0,0,0
Eros Capecchi,Quick-Step Floors,0,4,0,0,0,0,0,0,0,0,0,0
Rémi Cavagna,Quick-Step Floors,0,4,0,0,0,0,0,0,0,0,0,0
Álvaro José Hodeg,Quick-Step Floors,0,4,0,0,0,0,0,0,0,0,0,0
James Knox,Quick-Step Floors,0,4,0,0,0,0,0,0,0,0,0,0
Michael Mørkøv,Quick-Step Floors,0,4,0,0,0,0,0,0,0,0,0,0
Maximilian Schachmann,Quick-Step Floors,0,4,0,0,0,0,0,0,0,0,0,0
Martijn Budding,Roompot - Nederlandse Loterij,0,4,1,1,0,0,0,0,0,0,0,0
Robbert De Greef,Roompot - Nederlandse Loterij,0,4,0,0,0,0,0,0,0,0,0,0
Jeroen Meijers,Roompot - Nederlandse Loterij,0,4,0,0,0,0,0,0,0,0,0,0
Elmar Reinders,Roompot - Nederlandse Loterij,0,4,1,1,0,1,1,0,0,0,0,0
Oscar Riesebeek,Roompot - Nederlandse Loterij,0,4,0,0,0,0,0,0,0,0,0,0
Taco Van Der Hoorn,Roompot - Nederlandse Loterij,0,4,0,0,0,0,1,0,0,0,0,0
Nick Van Der Lijke,Roompot - Nederlandse Loterij,0,4,0,0,0,0,0,0,0,0,0,0
Etienne Van Empel,Roompot - Nederlandse Loterij,0,4,0,0,0,0,0,0,0,0,0,0
Sjoerd Van Ginneken,Roompot - Nederlandse Loterij,0,4,1,0,0,1,0,0,0,0,0,0
Brian Van Goethem,Roompot - Nederlandse Loterij,0,4,1,1,0,1,1,0,0,0,0,0
Jan-Willem Van Schip,Roompot - Nederlandse Loterij,0,4,0,0,0,0,0,0,0,0,0,0
Coen Vermeltfoort,Roompot - Nederlandse Loterij,0,4,0,1,0,0,1,0,0,0,0,0
Piet Allegaert,Sport Vlaanderen - Baloise,0,4,1,0,1,1,0,0,0,0,0,0
Amaury Capiot,Sport Vlaanderen - Baloise,0,4,0,1,0,1,1,0,0,0,0,0
Aime De Gendt,Sport Vlaanderen - Baloise,0,4,1,0,1,1,0,0,0,0,0,0
Kenny De Ketele,Sport Vlaanderen - Baloise,0,4,0,0,0,0,0,0,0,0,0,0
Moreno De Pauw,Sport Vlaanderen - Baloise,0,4,0,0,0,0,0,0,0,0,0,0
Lindsay De Vylder,Sport Vlaanderen - Baloise,0,4,0,0,0,0,0,0,0,0,0,0
Benjamin Declercq,Sport Vlaanderen - Baloise,0,4,1,0,0,1,0,0,0,0,0,0
Kevin Deltombe,Sport Vlaanderen - Baloise,0,4,1,0,0,0,0,0,0,0,0,0
Maxime Farazijn,Sport Vlaanderen - Baloise,0,4,1,0,1,0,1,0,0,0,0,0
Robbe Ghys,Sport Vlaanderen - Baloise,0,4,0,0,0,0,0,0,0,0,0,0
Milan Menten,Sport Vlaanderen - Baloise,0,4,0,0,1,0,1,0,0,0,0,0
Christophe Noppe,Sport Vlaanderen - Baloise,0,4,0,1,1,0,0,0,0,0,0,0
Emiel Planckaert,Sport Vlaanderen - Baloise,0,4,0,0,0,0,0,0,0,0,0,0
Jonas Rickaert,Sport Vlaanderen - Baloise,0,4,1,0,1,1,1,0,0,0,0,0
Thomas Sprengers,Sport Vlaanderen - Baloise,0,4,1,0,0,0,0,0,0,0,0,0
Dries Van Gestel,Sport Vlaanderen - Baloise,0,4,0,1,0,0,0,0,0,0,0,0
Mathias Van Gompel,Sport Vlaanderen - Baloise,0,4,0,0,0,0,0,0,0,0,0,0
Kenneth Van Rooy,Sport Vlaanderen - Baloise,0,4,0,1,0,0,1,0,0,0,0,0
Aaron Verwilst,Sport Vlaanderen - Baloise,0,4,0,0,1,0,0,0,0,0,0,0
Jordi Warlop,Sport Vlaanderen - Baloise,0,4,0,1,0,0,1,0,0,0,0,0
Maxim Belkov,Team Katusha - Alpecin,0,4,0,0,0,0,0,0,0,0,0,0
Jenthe Biermans,Team Katusha - Alpecin,0,4,0,1,1,1,1,0,0,0,0,0
Ian Boswell,Team Katusha - Alpecin,0,4,0,0,0,0,0,0,0,0,1,1
Steff Cras,Team Katusha - Alpecin,0,4,0,0,0,0,0,0,0,1,1,0
Alex Dowsett,Team Katusha - Alpecin,0,4,0,1,1,0,0,0,0,0,0,0
Matteo Fabbro,Team Katusha - Alpecin,0,4,0,0,0,0,0,0,0,0,0,0
Marco Haller,Team Katusha - Alpecin,0,4,1,1,0,1,1,0,0,0,0,0
Pavel Kochetkov,Team Katusha - Alpecin,0,4,0,0,0,0,0,0,0,0,0,0
Tiago Machado,Team Katusha - Alpecin,0,4,0,0,0,0,0,0,0,0,0,0
Marco Mathis,Team Katusha - Alpecin,0,4,0,0,0,0,0,0,0,0,0,0
Nils Politt,Team Katusha - Alpecin,0,4,1,0,1,1,1,0,0,0,0,0
Jhonatan Restrepo,Team Katusha - Alpecin,0,4,0,0,0,0,0,0,0,0,0,0
Koen Bouwman,Team LottoNL-Jumbo,0,4,0,0,0,0,0,0,0,0,0,0
Pascal Eenkhoorn,Team LottoNL-Jumbo,0,4,0,0,0,0,0,0,0,0,0,0
Amund Grondahl Jansen,Team LottoNL-Jumbo,0,4,1,0,1,1,0,1,0,0,0,0
Tom Leezer,Team LottoNL-Jumbo,0,4,0,1,1,1,1,0,0,0,0,0
Paul Martens,Team LottoNL-Jumbo,0,4,0,0,0,0,0,0,0,1,1,1
Daan Olivier,Team LottoNL-Jumbo,0,4,0,0,0,0,0,0,0,0,1,0
Timo Roosen,Team LottoNL-Jumbo,0,4,1,1,0,1,1,0,0,0,0,0
Bram Tankink,Team LottoNL-Jumbo,0,4,0,0,1,1,1,1,0,1,0,0
Antwan Tolhoek,Team LottoNL-Jumbo,0,4,0,0,0,0,0,0,0,1,1,1
Jos Van Emden,Team LottoNL-Jumbo,0,4,1,1,0,1,0,0,0,0,0,0
Robert Wagner,Team LottoNL-Jumbo,0,4,0,0,1,0,0,0,0,0,0,0
Sam Brand,Team Novo Nordisk,0,4,0,0,0,0,0,0,0,0,0,0
Joonas Henttala,Team Novo Nordisk,0,4,0,0,0,0,0,0,0,0,0,0
Brian Kamstra,Team Novo Nordisk,0,4,0,0,0,0,0,0,0,0,0,0
David Lozano,Team Novo Nordisk,0,4,0,0,0,0,0,0,0,0,0,0
Andrea Peron,Team Novo Nordisk,0,4,0,0,0,0,0,0,0,0,0,0
Charles Planet,Team Novo Nordisk,60,4,0,0,0,0,0,0,0,0,0,0
Umberto Poli,Team Novo Nordisk,0,4,0,0,0,0,0,0,0,0,0,0
Leonardo Basso,Team Sky,0,4,0,0,0,0,0,0,0,0,0,0
Egan Arley Bernal,Team Sky,0,4,0,0,0,0,0,0,0,0,0,1
Philip Deignan,Team Sky,0,4,0,0,0,0,0,0,0,0,0,0
Jonathan Dibben,Team Sky,0,4,0,0,1,0,0,0,0,0,0,0
Owain Doull,Team Sky,0,4,1,1,0,1,0,0,0,0,0,0
Søren Kragh Andersen,Team Sunweb,0,4,1,0,1,1,1,0,0,0,0,0
Roy Curvers,Team Sunweb,0,4,1,1,1,1,1,0,0,0,0,0
Johannes Fröhlinger,Team Sunweb,0,4,0,0,0,0,0,0,0,0,0,1
Chad Haga,Team Sunweb,0,4,0,0,0,0,0,0,0,0,0,0
Chris Hamilton,Team Sunweb,0,4,0,0,0,0,0,0,0,0,0,0
Jai Hindley,Team Sunweb,0,4,0,0,0,0,0,0,0,0,0,0
Lennard Hofstede,Team Sunweb,0,4,1,1,1,1,1,0,0,0,0,0
Lennard Kämna,Team Sunweb,0,4,0,0,0,0,0,0,0,0,0,0
Tom Stamsnijder,Team Sunweb,0,4,1,1,0,1,1,1,0,0,0,0
Laurens Ten Dam,Team Sunweb,0,4,0,0,0,0,0,0,0,0,0,0
Martijn Tusveld,Team Sunweb,0,4,0,0,0,0,0,0,0,0,0,0
Louis Vervaeke,Team Sunweb,0,4,0,0,0,0,0,0,0,0,0,0
Max Walscheid,Team Sunweb,0,4,0,0,0,0,1,1,0,0,0,0
Eugenio Alafaci,Trek - Segafredo,0,4,0,0,0,0,0,0,0,0,0,0
Fumiyuki Beppu,Trek - Segafredo,0,4,0,0,0,0,0,0,0,0,0,0
Julien Bernard,Trek - Segafredo,0,4,0,0,0,0,0,0,0,0,1,1
Matthias Brändle,Trek - Segafredo,0,4,0,0,0,0,0,0,0,0,0,0
Nicola Conci,Trek - Segafredo,0,4,0,0,0,0,0,0,0,0,0,0
Gregory Daniel,Trek - Segafredo,0,4,0,0,0,0,0,0,0,1,1,1
Koen De Kort,Trek - Segafredo,0,4,1,1,1,1,0,0,0,0,0,0
Niklas Eg,Trek - Segafredo,0,4,0,0,0,0,0,0,0,0,0,0
Alex Frame,Trek - Segafredo,0,4,0,0,0,0,0,0,0,0,0,0
Tsgabu Grmay,Trek - Segafredo,0,4,0,0,0,0,0,0,0,0,0,0
Ruben Guerreiro,Trek - Segafredo,0,4,0,0,0,0,0,0,0,1,1,1
Ryan Mullen,Trek - Segafredo,0,4,1,1,0,0,0,0,0,0,0,0
Toms Skujiņš,Trek - Segafredo,0,4,0,0,0,0,0,0,0,1,1,1
Peter Stetina,Trek - Segafredo,0,4,0,0,0,0,0,0,0,0,0,0
Anass Ait El Abdia,UAE-Team Emirates,0,4,0,0,0,0,0,0,0,0,0,0
Sven Erik Bystrøm,UAE-Team Emirates,0,4,1,1,1,1,0,1,0,0,0,0
Filippo Ganna,UAE-Team Emirates,0,4,1,1,1,1,0,0,0,0,0,0
Yousef Mohamed Mirza,UAE-Team Emirates,0,4,0,0,0,0,0,0,0,0,0,0
Manuele Mori,UAE-Team Emirates,0,4,0,0,0,0,0,0,0,0,0,0
Edward Ravasi,UAE-Team Emirates,0,4,0,0,0,0,0,0,0,0,0,0
Rory Sutherland,UAE-Team Emirates,0,4,0,0,0,0,0,0,0,0,0,0
Oliviero Troia,UAE-Team Emirates,0,4,1,1,1,1,0,0,0,0,0,0
Dries De Bondt,Vérandas Willems-Crelan,0,4,1,1,0,1,1,0,0,0,0,0
Stan Godrie,Vérandas Willems-Crelan,0,4,0,0,0,0,0,0,0,0,0,0
Jappe Jaspers,Vérandas Willems-Crelan,0,4,0,0,0,0,0,0,0,0,0,0
Aidis Kruopis,Vérandas Willems-Crelan,0,4,1,1,1,0,1,0,0,0,0,0
Senne Leysen,Vérandas Willems-Crelan,0,4,0,0,0,0,1,0,0,0,0,0
Stijn Steels,Vérandas Willems-Crelan,0,4,1,0,0,0,0,0,0,0,0,0
David Tanner,Vérandas Willems-Crelan,0,4,0,0,0,0,0,0,0,0,0,0
Elias Van Breussegem,Vérandas Willems-Crelan,0,4,1,0,0,0,0,0,0,0,0,0
Zico Waeytens,Vérandas Willems-Crelan,0,4,0,0,1,0,1,1,0,0,0,0
Yoann Bagot,Vital Concept,0,4,0,0,0,0,0,0,0,0,0,0
Erwann Corbel,Vital Concept,0,4,0,0,0,0,1,0,0,0,0,0
Arnaud Courteille,Vital Concept,0,4,0,0,0,0,0,0,0,0,0,0
Bert De Backer,Vital Concept,0,4,0,1,0,1,0,0,0,0,0,0
Corentin Ermenault,Vital Concept,0,4,0,0,0,0,0,0,0,0,0,0
Marc Fournier,Vital Concept,0,4,0,0,0,0,1,0,0,0,0,0
Adrien Garel,Vital Concept,0,4,1,1,0,0,0,0,0,0,0,0
Steven Lammertink,Vital Concept,0,4,1,0,0,0,0,0,0,0,0,0
Julien Morice,Vital Concept,0,4,0,1,0,1,0,0,0,0,0,0
Justin Mottier,Vital Concept,0,4,0,0,0,0,1,0,0,0,0,0
Patrick Müller,Vital Concept,0,4,1,0,0,1,0,0,0,0,0,0
Tanguy Turgis,Vital Concept,0,4,1,0,0,0,0,0,0,0,0,0
Simone Antonini,Wanty - Groupe Gobert,0,4,0,0,0,0,0,0,0,0,0,0
Thomas Degand,Wanty - Groupe Gobert,0,4,0,0,0,0,0,0,0,0,0,0
Fabien Doubey,Wanty - Groupe Gobert,0,4,0,0,0,0,0,0,0,0,0,0
Odd Christian Eiking,Wanty - Groupe Gobert,0,4,0,0,0,0,0,0,0,0,1,1
Wesley Kreder,Wanty - Groupe Gobert,0,4,1,0,1,1,1,0,0,0,0,0
Guillaume Martin,Wanty - Groupe Gobert,0,4,0,0,0,0,0,0,0,1,1,1
Boris Vallée,Wanty - Groupe Gobert,0,4,0,1,0,0,0,0,0,0,0,0
Kevin Van Melsen,Wanty - Groupe Gobert,0,4,1,1,0,0,0,0,0,0,0,0
Ludwig De,WB Veranclassic Aqua Protect ,0,4,0,0,0,0,0,0,0,0,0,0
Sebastien Delfosse,WB Veranclassic Aqua Protect ,0,4,0,0,0,0,0,0,0,0,0,0
Thomas Deruette,WB Veranclassic Aqua Protect ,0,4,0,0,0,0,0,0,0,0,0,0
Jimmy Duquennoy,WB Veranclassic Aqua Protect ,0,4,0,1,0,0,1,0,0,0,0,0
Gregory Habeaux,WB Veranclassic Aqua Protect ,0,4,0,0,0,0,0,0,0,0,0,0
Kevyn Ista,WB Veranclassic Aqua Protect ,0,4,1,1,1,1,1,0,0,0,0,0
Justin Jules,WB Veranclassic Aqua Protect ,0,4,0,0,0,0,1,0,0,0,0,0
Alex Kirsch,WB Veranclassic Aqua Protect ,0,4,1,0,1,1,0,1,0,0,0,0
Eliot Lietaer,WB Veranclassic Aqua Protect ,0,4,0,0,0,0,0,0,0,0,1,1
Julien Mortier,WB Veranclassic Aqua Protect ,0,4,1,0,0,0,1,0,0,0,0,0
Dimitri Peyskens,WB Veranclassic Aqua Protect ,0,4,0,0,0,0,0,0,0,0,1,1
Ludovic Robeet,WB Veranclassic Aqua Protect ,0,4,0,0,0,0,0,0,0,0,0,0
Franklin Six,WB Veranclassic Aqua Protect ,0,4,1,1,1,1,1,0,0,0,0,0
Lukas Spengler,WB Veranclassic Aqua Protect ,0,4,1,0,1,1,0,0,0,0,0,0
Julien Stassen,WB Veranclassic Aqua Protect ,0,4,0,0,0,0,0,0,0,0,0,0
Maxime Vantomme,WB Veranclassic Aqua Protect ,0,4,1,1,1,1,1,0,0,0,0,0
Antoine Warnier,WB Veranclassic Aqua Protect ,0,4,0,0,0,0,0,0,0,0,0,0
Liam Bertazzo,Wilier Triestina - Selle Italia,0,4,0,0,0,0,0,0,0,0,0,0
Simone Bevilacqua,Wilier Triestina - Selle Italia,0,4,0,0,0,0,0,0,0,0,0,0
Marco Coledan,Wilier Triestina - Selle Italia,0,4,0,0,0,0,0,0,0,0,0,0
Miguel Eduardo Florez,Wilier Triestina - Selle Italia,0,4,0,0,0,0,0,0,0,0,0,0
Giuseppe Fonzi,Wilier Triestina - Selle Italia,0,4,0,0,0,0,0,0,0,0,0,0
Ilia Koshevoy,Wilier Triestina - Selle Italia,0,4,0,0,0,0,0,0,0,0,0,0
Luca Pacioni,Wilier Triestina - Selle Italia,0,4,0,0,0,0,0,0,0,0,0,0
Luca Raggio,Wilier Triestina - Selle Italia,0,4,0,0,0,0,0,0,0,0,0,0
Massimo Rosa,Wilier Triestina - Selle Italia,0,4,0,0,0,0,0,0,0,0,0,0
Alex Turrin,Wilier Triestina - Selle Italia,0,4,0,0,0,0,0,0,0,0,0,0
Simone Velasco,Wilier Triestina - Selle Italia,0,4,0,0,0,0,0,0,0,0,0,0
